{
  "optimized_params": {
    "risk_per_trade_pct": 0.9500000000000014,
    "min_confluence_score": 3,
    "min_quality_factors": 1,
    "tp1_r_multiple": 1.5,
    "tp2_r_multiple": 3.0,
    "tp3_r_multiple": 5.0,
    "max_entry_distance_r": 1.0,
    "min_sl_atr_ratio": 1.0,
    "max_sl_atr_ratio": 3.0,
    "max_concurrent_trades": 10,
    "daily_loss_halt_pct": 4.2
  },
  "iterations_to_pass": 1,
  "final_balance": 11850.829899999999,
  "total_profit": 1850.8298999999988,
  "total_profit_pct": 18.50829899999999,
  "phase1_profit": 1102.0,
  "phase2_profit": 748.8298999999988,
  "timestamp": "2025-12-12T20:07:05.785030"
}